<?xml version="1.0" encoding="UTF-8"?>
<!DOCTYPE hibernate-configuration PUBLIC
        "-//Hibernate/Hibernate Configuration DTD 3.0//EN"
        "http://hibernate.org/dtd/hibernate-configuration-3.0.dtd">
<hibernate-configuration>
	<session-factory>
		<property name="hibernate.connection.driver_class">com.mysql.jdbc.Driver</property>
		<property name="hibernate.connection.url">jdbc:mysql://localhost:3306/db1</property>
		<property name="hibernate.connection.username">root</property>
		<property name="hibernate.connection.password">mysql</property>

		<property name="hibernate.connection.pool_size">20</property>
		<property name="hibernate.current_session_context_class">thread</property>
		<property name="hibernate.show_sql">true</property>
		<property name="hibernate.dialect">org.hibernate.dialect.MySQL5Dialect</property>
		<property name="hbm2ddl.auto">create</property>

		 <mapping class="com.conforge.model.Employee" /> 
		<mapping class="com.conforge.model.Book"/> 
			<mapping class="com.conforge.model.onetoone.Order" /> 
			<mapping class="com.conforge.model.onetoone.Product"/> 
			<mapping class="com.conforge.model.onetoone.Payment" /> 
			
 	<mapping
			class="com.conforge.model.onetoone_bidirectional.Phone" />
		<mapping
			class="com.conforge.model.onetoone_bidirectional.Person" />
		<mapping class="com.conforge.model.onetoone_bidirectional.Car" />
		
	<!-- 	<mapping class="com.conforge.model.onetoone_bidirectional.Department"/>
		<mapping class="com.conforge.model.onetoone_bidirectional.Employee"/>
	 -->	
<!-- 		
		<mapping class="com.conforge.model.many_to_many.Order"/>
		<mapping class="com.conforge.model.many_to_many.Product"/>
 -->		
	</session-factory>
</hibernate-configuration>