<?xml version="1.0" encoding="UTF-8"?>
<beans xmlns="http://www.springframework.org/schema/beans"
	xmlns:xsi="http://www.w3.org/2001/XMLSchema-instance"
	xmlns:util="http://www.springframework.org/schema/util"
	xsi:schemaLocation="
        http://www.springframework.org/schema/beans http://www.springframework.org/schema/beans/spring-beans.xsd
        http://www.springframework.org/schema/util http://www.springframework.org/schema/util/spring-util.xsd">
	<bean class="com.coforge.model.ProductReturn" id="prdreturn">

		<constructor-arg name="prductReturnId" value="656565"></constructor-arg>
		<constructor-arg name="prductReturnDate"
			value="10-04-2023"></constructor-arg>
		<constructor-arg name="prductReturnLocation"
			value="new delhi"></constructor-arg>
	</bean>

	<bean class="com.coforge.model.Product" id="prd1" autowire="byType">
		<property name="productId" value="67767"></property>
		<property name="productName" value="mobile"></property>
		<property name="productLocation">
			<util:list>
				<array value-type="java.lang.String">
					<value>delhi</value>
					<value>noida</value>
					<value>chennai</value>
					<value>kolkotta</value>
				</array>
			</util:list>
		</property>
		<property name="listItem">
			<list>
				<value>Medicine</value>
				<value>Garments</value>
				<value>Electronic Item</value>
				<value>Sports Item</value>
				<value>Medicine</value>
			</list>
		</property>
		<property name="setProductName">
			<set>
				<value>Biscuit</value>
				<value>Bread</value>
				<value>Cheese</value>
				<value>Biscuit</value>
				<value>Milk</value>
			</set>
		</property>
		<property name="productMap">
			<map>
				<entry key="1" value="knife"></entry>
				<entry key="2" value="gas stove"></entry>
				<entry key="3" value="water filter"></entry>
				<entry key="4" value="plates"></entry>
				<entry key="4" value="glass"></entry>
				<entry key="5" value="water filter"></entry>
			</map>
		</property>
		<!-- <property name="productOrder" ref="order1"></property> -->
	</bean>

	<bean class="com.coforge.model.Order" id="order2">
		<property name="orderId" value="545454"></property>
		<property name="orderState" value="Delhi"></property>
		<property name="orderPinCode" value="110095"></property>
	</bean>
	<!-- 
	<bean class="com.coforge.model.Order" id="order1">
		<property name="orderId" value="545451"></property>
		<property name="orderState" value="noida"></property>
		<property name="orderPinCode" value="110091"></property>
	</bean>
 -->

</beans>
