<project xmlns="http://maven.apache.org/POM/4.0.0"
	xmlns:xsi="http://www.w3.org/2001/XMLSchema-instance"
	xsi:schemaLocation="http://maven.apache.org/POM/4.0.0 https://maven.apache.org/xsd/maven-4.0.0.xsd">
	<modelVersion>4.0.0</modelVersion>
	<groupId>com.coforge</groupId>
	<artifactId>SpringApp1</artifactId>
	<version>0.0.1-SNAPSHOT</version>

	<properties>
		<java-version>1.8</java-version>
		<springframework.version>4.3.0.RELEASE</springframework.version>
		<jackson.version>2.7.5</jackson.version>

		<maven.compiler.source>1.8</maven.compiler.source>
		<maven.compiler.target>1.8</maven.compiler.target>
	</properties>
	<dependencies>

		<dependency>
			<groupId>org.hibernate</groupId>
			<artifactId>hibernate-core</artifactId>
			<version>5.6.15.Final</version>
		</dependency>


		<dependency>
			<groupId>org.hibernate</groupId>
			<artifactId>hibernate-entitymanager</artifactId>
			<version>5.6.15.Final</version>
		</dependency>
		<!-- https://mvnrepository.com/artifact/org.springframework/spring-orm -->
		<dependency>
			<groupId>org.springframework</groupId>
			<artifactId>spring-orm</artifactId>
			<version>5.2.3.RELEASE</version>
		</dependency>


		<dependency>
			<groupId>com.mysql</groupId>
			<artifactId>mysql-connector-j</artifactId>
			<version>8.0.31</version>
		</dependency>


		<dependency>
			<groupId>org.hibernate</groupId>
			<artifactId>hibernate-validator</artifactId>
			<!--			<version>4.3.1.Final</version>-->
			<version>5.4.1.Final</version>
		</dependency>

		<dependency>
			<groupId>org.springframework</groupId>
			<artifactId>spring-webmvc</artifactId>
			<version>${springframework.version}</version>
		</dependency>
		<dependency>
			<groupId>com.fasterxml.jackson.core</groupId>
			<artifactId>jackson-databind</artifactId>
			<version>${jackson.version}</version>
		</dependency>
		<dependency>
			<groupId>javax.servlet</groupId>
			<artifactId>javax.servlet-api</artifactId>
			<version>3.0.1</version>
			<scope>provided</scope>
		</dependency>
		<!-- https://mvnrepository.com/artifact/org.projectlombok/lombok -->
		<dependency>
			<groupId>org.projectlombok</groupId>
			<artifactId>lombok</artifactId>
			<version>1.18.26</version>
			<scope>provided</scope>
		</dependency>

	</dependencies>
	<build>
		<finalName>SpringRest</finalName>
		<pluginManagement>
			<plugins>
				<plugin>
					<groupId>org.apache.tomcat.maven</groupId>
					<artifactId>tomcat7-maven-plugin</artifactId>
					<version>2.2</version>
					<configuration>
						<path>/springrest</path>
					</configuration>
				</plugin>
			</plugins>
		</pluginManagement>
	</build>

</project>